,population_size,Generation number,Time
0,50,100,16.16365337371826
1,60,100,21.11857008934021
2,70,100,23.852227926254272
3,80,100,25.837666273117065
