,population_size,Generation number,Time
0,50,100,16.547298669815063
1,60,100,18.79000496864319
2,70,100,24.512253999710083
3,80,100,27.38401198387146
